<?xml version="1.0" encoding="UTF-8" standalone="yes"?>
<content>
    <qradarversion>2020.3.2.20201112005343</qradarversion>
    <application_zip>
        <filedata>installed_application-ContentExport-20230717125140/1151.zip</filedata>
        <id>/store/qapp/1151/1151.zip</id>
    </application_zip>
    <installed_application>
        <image>qradar-app-base:2.0.4</image>
        <installed_by></installed_by>
        <memory>700</memory>
        <single_instance_only>false</single_instance_only>
        <manifest>{&quot;name&quot;:&quot;EclecticIQ&quot;,&quot;description&quot;:&quot;EclecticIQ app&quot;,&quot;image&quot;:&quot;qradar-app-base:2.1.6&quot;,&quot;version&quot;:&quot;2.1.1&quot;,&quot;uuid&quot;:&quot;0c82169f-7630-458c-b4d7-636c2621494d&quot;,&quot;resources&quot;:{&quot;memory&quot;:700},&quot;console_ip&quot;:&quot;&quot;,&quot;areas&quot;:[{&quot;id&quot;:&quot;EclecticIQ&quot;,&quot;text&quot;:&quot;EclecticIQ app&quot;,&quot;description&quot;:&quot;EclecticIQ app&quot;,&quot;url&quot;:&quot;index&quot;,&quot;required_capabilities&quot;:[&quot;ADMIN&quot;]}],&quot;rest_methods&quot;:[{&quot;name&quot;:&quot;eiqLookupObs_func&quot;,&quot;method&quot;:&quot;GET&quot;,&quot;url&quot;:&quot;/eiqLookupObs_func&quot;,&quot;argument_names&quot;:[&quot;context&quot;]},{&quot;name&quot;:&quot;eiqCreateSighting_func&quot;,&quot;method&quot;:&quot;GET&quot;,&quot;url&quot;:&quot;/eiqCreateSighting_func&quot;,&quot;argument_names&quot;:[&quot;context&quot;]},{&quot;name&quot;:&quot;save_configuration&quot;,&quot;method&quot;:&quot;POST&quot;,&quot;url&quot;:&quot;/save&quot;,&quot;argument_names&quot;:[&quot;context&quot;],&quot;required_capabilities&quot;:[&quot;ADMIN&quot;]},{&quot;name&quot;:&quot;get_configuration&quot;,&quot;method&quot;:&quot;GET&quot;,&quot;url&quot;:&quot;/get&quot;,&quot;argument_names&quot;:[&quot;context&quot;],&quot;required_capabilities&quot;:[&quot;ADMIN&quot;]},{&quot;name&quot;:&quot;test_connection&quot;,&quot;method&quot;:&quot;POST&quot;,&quot;url&quot;:&quot;/test_connection&quot;,&quot;argument_names&quot;:[&quot;context&quot;],&quot;required_capabilities&quot;:[&quot;ADMIN&quot;]}],&quot;gui_actions&quot;:[{&quot;id&quot;:&quot;eiqLookupObs&quot;,&quot;text&quot;:&quot;Lookup in EclecticIQ Platform&quot;,&quot;description&quot;:&quot;Lookup EclecticIQ for Observable&quot;,&quot;rest_method&quot;:&quot;eiqLookupObs_func&quot;,&quot;javascript&quot;:&quot;obs_lookup(result)&quot;,&quot;groups&quot;:[&quot;ipPopup&quot;]},{&quot;id&quot;:&quot;eiqSighting&quot;,&quot;text&quot;:&quot;Create EclecticIQ sighting&quot;,&quot;description&quot;:&quot;Create EclecticIQ sighting&quot;,&quot;rest_method&quot;:&quot;eiqCreateSighting_func&quot;,&quot;javascript&quot;:&quot;create_sighting(result)&quot;,&quot;groups&quot;:[&quot;ipPopup&quot;]}],&quot;page_scripts&quot;:[{&quot;app_name&quot;:&quot;*&quot;,&quot;page_id&quot;:&quot;*&quot;,&quot;scripts&quot;:[&quot;static/js/lookup.js&quot;,&quot;static/qjslib/qappfw.js&quot;]}]}</manifest>
        <description>EclecticIQ app</description>
        <ootb_install>false</ootb_install>
        <multitenancy_safe>false</multitenancy_safe>
        <zip_source_file_path>/store/qapp/1151/1151.zip</zip_source_file_path>
        <image_repo>qapp/1151:2.1.1-20230716220227</image_repo>
        <name>EclecticIQ</name>
        <installed_on>1689537738291</installed_on>
        <id>1151</id>
        <cpu_share>0.1</cpu_share>
        <status>COMPLETED</status>
    </installed_application>
</content>
